カード名,カード内容,id,種別,画像名
小海《おみ》舞花《まいか》,"HO1の働くコンビニUマートの店長。
 倹約家だが店員たちには好かれている27歳女性。",npc01,NPC,店長
大場(おおば)佳代(かよ),大馬鹿とからかわれるのには慣れている,npc02,NPC,目が死んでる
ポーション,飲むと体力を回復する,i-heal-01,アイテム,round-potion
キズモノ,消えない傷を受けてしまったことを表すクラス。 その不利を補い生きていくためのアビリティを習得できる。 このクラスを選択した場合、部位ダメージを1受けている状態でスタートする。 この、部位ダメージの入っている「身体部位」を＜キズ＞と呼ぶ。 ＜キズ＞はいかなる手段でも回復しない。,class-kizu,クラス,kizu
